Marker,Chromosome,Position,PValue
SNP1,1,183,0.00333
SNP2,1,1143,0.00924
SNP3,1,1625,0.00338
SNP4,1,1789,0.00162
SNP5,1,2669,0.00121
SNP6,1,2689,0.01
SNP7,1,3636,0.00133
SNP8,1,4228,0.0062
SNP9,1,4806,0.00005
SNP10,1,5124,0.00892
SNP11,1,5432,0.00011
SNP12,1,5611,0.00845
SNP13,1,5796,0.00934
SNP14,1,7218,0.00525
SNP15,1,7546,0.00294
SNP16,1,10044,0.00949
SNP17,1,11215,0.00441
SNP18,1,11256,0.00534
SNP19,1,11420,0.0017
SNP20,1,11433,0.00906
SNP21,1,12143,0.00623
SNP22,1,12326,0.00536
SNP23,1,12358,0.00015
SNP24,1,12382,0.00501
SNP25,1,12445,0.00192
SNP26,1,13356,0.00839
SNP27,1,13993,0.00015
SNP28,1,14030,0.00776
SNP29,1,14425,0.00633
SNP30,1,14740,0.0036
SNP31,1,15814,0.00161
SNP32,1,16411,0.00666
SNP33,1,16899,0.00775
SNP34,1,17170,0.00887
SNP35,1,17788,0.00603
SNP36,1,19636,0.00512
SNP37,1,20001,0.00527
SNP38,1,21624,0.00856
SNP39,1,23304,0.003
SNP40,1,24618,0.0092
SNP41,1,24834,0.00767
SNP42,1,24980,0.00484
SNP43,1,25280,0.00498
SNP44,1,27368,0.00746
SNP45,1,27510,0.00644
SNP46,1,27689,0.00672
SNP47,1,28419,0.0019
SNP48,1,31274,0.00072
SNP49,1,31460,0.00776
SNP50,1,31679,0.00362
SNP51,1,32166,0.00166
SNP52,1,32839,0.00411
SNP53,1,34286,0.00914
SNP54,1,34796,0.00009
SNP55,1,36126,0.0019
SNP56,1,36198,0.00454
SNP57,1,36649,0.00922
SNP58,1,36968,0.0062
SNP59,1,37832,0.00487
SNP60,1,38799,0.00789
SNP61,1,39516,0.00811
SNP62,1,40052,0.00744
SNP63,1,40406,0.00407
SNP64,1,40488,0.00906
SNP65,1,41252,0.00841
SNP66,1,41821,0.00111
SNP67,1,42616,0.00224
SNP68,1,43746,0.00113
SNP69,1,44796,0.00785
SNP70,1,45911,0.0075
SNP71,1,46192,0.00147
SNP72,1,46913,0.00132
SNP73,1,48353,0.00932
SNP74,1,49201,0.00997
SNP75,1,49921,0.00828
SNP76,1,51013,0.00722
SNP77,1,51202,0.00523
SNP78,1,51580,0.00009
SNP79,1,51633,0.00527
SNP80,1,52094,0.00972
SNP81,1,53203,0.00175
SNP82,1,54234,0.00359
SNP83,1,54701,0.00722
SNP84,1,54938,0.00007
SNP85,1,55603,0.00235
SNP86,1,55811,0.00913
SNP87,1,56769,0.00302
SNP88,1,57392,0.00889
SNP89,1,57676,0.00422
SNP90,1,57954,0.00815
SNP91,1,58955,0.00247
SNP92,1,59565,0.00511
SNP93,1,59573,0.00775
SNP94,1,59842,0.00115
SNP95,1,60078,0.00442
SNP96,1,61531,0.00051
SNP97,1,61877,0.00593
SNP98,1,61884,0.0096
SNP99,1,62149,0.00237
SNP100,1,62506,0.0052
SNP101,1,63511,0.00495
SNP102,1,63652,0.00481
SNP103,1,65209,0.00334
SNP104,1,65818,0.00489
SNP105,1,65821,0.00485
SNP106,1,65907,0.00829
SNP107,1,66199,0.00826
SNP108,1,66276,0.00417
SNP109,1,66701,0.00887
SNP110,1,68895,0.00228
SNP111,1,70022,0.00582
SNP112,1,70409,0.00397
SNP113,1,70458,0.00012
SNP114,1,70660,0.00698
SNP115,1,70871,0.0031
SNP116,1,70941,0.00336
SNP117,1,71192,0.00462
SNP118,1,72120,0.00447
SNP119,1,72183,0.00337
SNP120,1,72314,0.00014
SNP121,1,73038,0.0083
SNP122,1,73175,0.00407
SNP123,1,73351,0.00068
SNP124,1,73671,0.00281
SNP125,1,74235,0.00056
SNP126,1,74337,0.00411
SNP127,1,74752,0.007
SNP128,1,75071,0.00199
SNP129,1,76636,0.00503
SNP130,1,78372,0.00809
SNP131,1,78830,0.00511
SNP132,1,79148,0.0017
SNP133,1,79517,0.00553
SNP134,1,81065,0.00643
SNP135,1,81796,0.00324
SNP136,1,82192,0.00631
SNP137,1,82954,0.00171
SNP138,1,83680,0.00544
SNP139,1,83858,0.00136
SNP140,1,84077,0.0065
SNP141,1,84180,0.00769
SNP142,1,84418,0.00982
SNP143,1,85414,0.00484
SNP144,1,85888,0.0094
SNP145,1,86098,0.00313
SNP146,1,86534,0.00962
SNP147,1,88025,0.00415
SNP148,1,88162,0.00747
SNP149,1,88228,0.00176
SNP150,1,88664,0.00716
SNP151,1,89055,0.00924
SNP152,1,89208,0.00949
SNP153,1,89238,0.00481
SNP154,1,89271,0.00631
SNP155,1,89378,0.00192
SNP156,1,90347,0.00777
SNP157,1,91306,0.00826
SNP158,1,91411,0.00124
SNP159,1,91486,0.00978
SNP160,1,91806,0.00548
SNP161,1,91850,0.00189
SNP162,1,91906,0.0055
SNP163,1,92093,0.00653
SNP164,1,94061,0.00998
SNP165,1,94114,0.00002
SNP166,1,94416,0.0032
SNP167,1,94568,0.00638
SNP168,1,94838,0.00092
SNP169,1,94865,0.00535
SNP170,1,94930,0.00678
SNP171,1,95603,0.00956
SNP172,1,95965,0.00488
SNP173,1,96050,0.0013
SNP174,1,96156,0.00349
SNP175,1,96842,0.00389
SNP176,1,97201,0.00397
SNP177,1,98061,0.00106
SNP178,1,98336,0.00794
SNP179,1,99457,0.00091
SNP180,2,100856,0.00002
SNP181,2,101394,0.00623
SNP182,2,101529,0.00686
SNP183,2,105358,0.00141
SNP184,2,106100,0.00325
SNP185,2,106304,0.00598
SNP186,2,107103,0.00005
SNP187,2,107761,0.008
SNP188,2,109347,0.00953
SNP189,2,112122,0.00888
SNP190,2,112170,0.00191
SNP191,2,113351,0.00607
SNP192,2,113390,0.00178
SNP193,2,120264,0.00053
SNP194,2,120612,0.00642
SNP195,2,121400,0.00052
SNP196,2,122542,0.00437
SNP197,2,122938,0.00703
SNP198,2,124582,0.00434
SNP199,2,126077,0.00866
SNP200,2,127354,0.00528
SNP201,2,127755,0.0062
SNP202,2,128386,0.00474
SNP203,2,128536,0.00385
SNP204,2,129037,0.00174
SNP205,2,130495,0.00231
SNP206,2,131642,0.00201
SNP207,2,131908,0.0074
SNP208,2,133688,0.00365
SNP209,2,133855,0.00958
SNP210,2,134407,0.00332
SNP211,2,135743,0.00003
SNP212,2,135939,0.00105
SNP213,2,136724,0.00642
SNP214,2,137346,0.00453
SNP215,2,137590,0.00265
SNP216,2,139204,0.00793
SNP217,2,139442,0.00255
SNP218,2,139774,0.00953
SNP219,2,139852,0.00567
SNP220,2,141091,0.00111
SNP221,2,141249,0.0088
SNP222,2,141425,0.00512
SNP223,2,142936,0.00242
SNP224,2,144863,0.00298
SNP225,2,147541,0.00203
SNP226,2,148701,0.0097
SNP227,2,149904,0.00649
SNP228,2,150006,0.00283
SNP229,2,150470,0.00314
SNP230,2,153249,0.00131
SNP231,2,154985,0.00373
SNP232,2,155446,0.00877
SNP233,2,156804,0.00657
SNP234,2,157662,0.00827
SNP235,2,157865,0.00048
SNP236,2,158598,0.00378
SNP237,2,160167,0.00708
SNP238,2,160938,0.00623
SNP239,2,162706,0.00838
SNP240,2,164487,0.00991
SNP241,2,164545,0.00281
SNP242,2,166066,0.00117
SNP243,2,167649,0.00333
SNP244,2,167923,0.00069
SNP245,2,170191,0.00041
SNP246,2,171792,0.00316
SNP247,2,173595,0.00207
SNP248,2,173893,0.00315
SNP249,2,175671,0.00847
SNP250,2,178010,0.00085
SNP251,2,179318,0.00145
SNP252,2,180740,0.00164
SNP253,2,185578,0.0017
SNP254,2,186210,0.00405
SNP255,2,187345,0.00243
SNP256,2,189003,0.00029
SNP257,2,192296,0.00742
SNP258,2,192644,0.00459
SNP259,2,194172,0.00074
SNP260,2,194774,0.00339
SNP261,2,195710,0.00545
SNP262,2,195833,0.00462
SNP263,2,196233,0.00644
SNP264,2,197578,0.0098
SNP265,2,198104,0.0078
SNP266,2,198618,0.00019
SNP267,2,199106,0.006
SNP268,2,200804,0.00236
SNP269,2,200831,0.00569
SNP270,2,201648,0.00464
SNP271,2,202696,0.00966
SNP272,2,205084,0.00285
SNP273,2,206922,0.00746
SNP274,2,206965,0.00161
SNP275,2,208621,0.00412
SNP276,2,208780,0.00787
SNP277,2,208791,0.00553
SNP278,2,209362,0.00272
SNP279,2,210124,0.0003
SNP280,2,210462,0.00131
SNP281,2,211110,0.00319
SNP282,2,211407,0.0049
SNP283,2,212815,0.00532
SNP284,2,214923,0.00679
SNP285,2,215669,0.00134
SNP286,2,216622,0.00707
SNP287,2,217818,0.00859
SNP288,2,219667,0.00341
SNP289,2,219746,0.00245
SNP290,2,224670,0.00963
SNP291,2,224779,0.00884
SNP292,2,224854,0.00617
SNP293,2,226811,0.00791
SNP294,2,227103,0.00959
SNP295,2,227653,0.00994
SNP296,2,228629,0.00616
SNP297,2,231194,0.00151
SNP298,2,231415,0.00181
SNP299,2,232205,0.00955
SNP300,2,232393,0.00722
SNP301,2,232996,0.00675
SNP302,2,233170,0.00301
SNP303,2,233295,0.00906
SNP304,2,234034,0.00222
SNP305,2,235610,0.00332
SNP306,2,236529,0.00674
SNP307,2,238974,0.00349
SNP308,2,239461,0.00732
SNP309,2,240302,0.00576
SNP310,2,240336,0.00557
SNP311,2,242398,0.00551
SNP312,2,243375,0.00099
SNP313,2,244072,0.00992
SNP314,2,244075,0.00705
SNP315,2,244714,0.00736
SNP316,2,246365,0.00554
SNP317,2,246458,0.00054
SNP318,2,247581,0.00281
SNP319,2,248784,0.00688
SNP320,2,248938,0.00428
SNP321,2,249157,0.00362
SNP322,2,249359,0.00166
SNP323,3,251506,0.00872
SNP324,3,252160,0.00708
SNP325,3,254039,0.00974
SNP326,3,255494,0.00996
SNP327,3,256237,0.00317
SNP328,3,259721,0.00187
SNP329,3,260369,0.00316
SNP330,3,261087,0.00852
SNP331,3,262869,0.0083
SNP332,3,265182,0.00131
SNP333,3,265692,0.00908
SNP334,3,267717,0.00622
SNP335,3,268673,0.0066
SNP336,3,268901,0.00151
SNP337,3,270740,0.00129
SNP338,3,272403,0.00456
SNP339,3,272819,0.00522
SNP340,3,275255,0.00374
SNP341,3,275861,0.00598
SNP342,3,276053,0.00737
SNP343,3,277228,0.00867
SNP344,3,278474,0.00155
SNP345,3,279390,0.00658
SNP346,3,280899,0.00077
SNP347,3,281460,0.00438
SNP348,3,282293,0.00633
SNP349,3,284322,0.00713
SNP350,3,286099,0.00949
SNP351,3,286358,0.00843
SNP352,3,286730,0.00322
SNP353,3,288834,0.00813
SNP354,3,289426,0.00159
SNP355,3,291218,0.00817
SNP356,3,292102,0.00156
SNP357,3,292183,0.00656
SNP358,3,292433,0.00421
SNP359,3,292461,0.00015
SNP360,3,292465,0.00347
SNP361,3,292810,0.00927
SNP362,3,292975,0.00504
SNP363,3,294533,0.0029
SNP364,3,294995,0.00753
SNP365,3,295566,0.0024
SNP366,3,296722,0.00258
SNP367,3,297681,0.00828
SNP368,3,297738,0.00871
SNP369,3,297889,0.00858
SNP370,3,300344,0.00286
SNP371,3,300541,0.00834
SNP372,3,301958,0.00872
SNP373,3,304033,0.00207
SNP374,3,304370,0.00932
SNP375,3,304720,0.0079
SNP376,3,308578,0.00612
SNP377,3,309613,0.00709
SNP378,3,309923,0.00125
SNP379,3,313860,0.00083
SNP380,3,316456,0.00802
SNP381,3,317491,0.00075
SNP382,3,317645,0.00526
SNP383,3,320556,0.00074
SNP384,3,321049,0.00791
SNP385,3,322617,0.00282
SNP386,3,323085,0.00381
SNP387,3,323160,0.0099
SNP388,3,324957,0.00891
SNP389,3,325733,0.00257
SNP390,3,325768,0.00312
SNP391,3,328535,0.00928
SNP392,3,328729,0.00957
SNP393,3,329894,0.00683
SNP394,3,331065,0.00522
SNP395,3,332328,0.00889
SNP396,3,332748,0.0034
SNP397,3,332943,0.00709
SNP398,3,333578,0.00111
SNP399,3,334497,0.00266
SNP400,3,336742,0.00416
SNP401,3,337666,0.00167
SNP402,3,338062,0.00842
SNP403,3,339494,0.00566
SNP404,3,340046,0.00583
SNP405,3,340849,0.00773
SNP406,3,341256,0.00626
SNP407,3,341361,0.00972
SNP408,3,343267,0.00575
SNP409,3,343643,0.00947
SNP410,3,344565,0.00748
SNP411,3,344900,0.00352
SNP412,3,346280,0.00557
SNP413,3,346807,0.00288
SNP414,3,348124,0.00543
SNP415,3,348379,0.00518
SNP416,3,348837,0.00274
SNP417,3,348915,0.00568
SNP418,3,348937,0.00991
SNP419,3,352041,0.00196
SNP420,3,354133,0.0074
SNP421,3,354832,0.00983
SNP422,3,355519,0.00213
SNP423,3,356211,0.00493
SNP424,3,356747,0.00885
SNP425,3,357816,0.00022
SNP426,3,361390,0.00508
SNP427,3,361861,0.00368
SNP428,3,363495,0.00108
SNP429,3,365310,0.00412
SNP430,3,366052,0.0067
SNP431,3,366286,0.00171
SNP432,3,366377,0.00976
SNP433,3,369381,0.00453
SNP434,3,370322,0.00753
SNP435,3,371190,0.00072
SNP436,3,372157,0.00038
SNP437,3,372353,0.00865
SNP438,3,374037,0.00852
SNP439,3,374137,0.00549
SNP440,3,374765,0.00945
SNP441,3,375572,0.00136
SNP442,3,376702,0.0047
SNP443,3,378045,0.00497
SNP444,3,378901,0.00894
SNP445,3,379252,0.00186
SNP446,3,379255,0.00029
SNP447,3,379297,0.00547
SNP448,3,379417,0.00752
SNP449,3,380208,0.00633
SNP450,3,380812,0.00801
SNP451,3,380849,0.00149
SNP452,3,381073,0.00527
SNP453,3,381968,0.00041
SNP454,3,382803,0.00722
SNP455,3,382997,0.00632
SNP456,3,383383,0.0057
SNP457,3,383431,0.00069
SNP458,3,385668,0.00074
SNP459,3,385745,0.00898
SNP460,3,386826,0.00185
SNP461,3,387073,0.00262
SNP462,3,387131,0.00506
SNP463,3,388042,0.00781
SNP464,3,388802,0.00913
SNP465,3,389997,0.00995
SNP466,3,392813,0.00585
SNP467,3,393319,0.00682
SNP468,3,393708,0.00398
SNP469,3,394427,0.00977
SNP470,3,394603,0.00379
SNP471,3,396381,0.00014
SNP472,3,396434,0.0059
SNP473,3,396537,0.0057
SNP474,3,398169,0.00985
SNP475,4,400324,0.00633
SNP476,4,400971,0.00688
SNP477,4,401109,0.00069
SNP478,4,402869,0.00476
SNP479,4,403188,0.0089
SNP480,4,404101,0.00355
SNP481,4,404559,0.0092
SNP482,4,406046,0.00983
SNP483,4,406572,0.00689
SNP484,4,407008,0.00948
SNP485,4,407066,0.00214
SNP486,4,409102,0.00194
SNP487,4,412250,0.00379
SNP488,4,412765,0.00049
SNP489,4,413193,0.00564
SNP490,4,413866,0.00603
SNP491,4,415162,0.00703
SNP492,4,415952,0.00088
SNP493,4,416711,0.00171
SNP494,4,417721,0.00068
SNP495,4,417724,0.0074
SNP496,4,420161,0.00785
SNP497,4,420215,0.00985
SNP498,4,421173,0.00163
SNP499,4,421474,0.00506
SNP500,4,422798,0.00652
SNP501,4,424314,0.00239
SNP502,4,426010,0.006
SNP503,4,428808,0.00154
SNP504,4,430902,0.00299
SNP505,4,431751,0.00662
SNP506,4,433042,0.00556
SNP507,4,433198,0.00672
SNP508,4,436189,0.00866
SNP509,4,436357,0.00048
SNP510,4,437206,0.00652
SNP511,4,440763,0.00122
SNP512,4,444419,0.00719
SNP513,4,444771,0.00195
SNP514,4,445971,0.00306
SNP515,4,450058,0.00559
SNP516,4,450933,0.00091
SNP517,4,451078,0.00949
SNP518,4,451594,0.0004
SNP519,4,451735,0.00758
SNP520,4,453056,0.0043
SNP521,4,454926,0.00778
SNP522,4,456300,0.00915
SNP523,4,456787,0.00995
SNP524,4,457261,0.00408
SNP525,4,457628,0.00843
SNP526,4,462543,0.00535
SNP527,4,463432,0.00816
SNP528,4,463559,0.00008
SNP529,4,463960,0.00146
SNP530,4,464268,0.00708
SNP531,4,465848,0.00856
SNP532,4,466822,0.00162
SNP533,4,467018,0.00273
SNP534,4,467209,0.00544
SNP535,4,467448,0.00605
SNP536,4,469536,0.00992
SNP537,4,470460,0.00018
SNP538,4,471422,0.00587
SNP539,4,472301,0.00204
SNP540,4,472940,0.00563
SNP541,4,475308,0.00757
SNP542,4,475694,0.00782
SNP543,4,481728,0.00496
SNP544,4,482680,0.00165
SNP545,4,484733,0.00094
SNP546,4,485069,0.00309
SNP547,4,485383,0.0007
SNP548,4,487343,0.00795
SNP549,4,487445,0.00698
SNP550,4,487827,0.00142
SNP551,4,488949,0.00173
SNP552,4,488975,0.00055
SNP553,4,490374,0.00878
SNP554,4,490406,0.00088
SNP555,4,490483,0.00147
SNP556,4,491706,0.00539
SNP557,4,494614,0.00237
SNP558,4,495150,0.00215
SNP559,4,496757,0.00415
SNP560,4,498373,0.00123
SNP561,4,498874,0.00833
SNP562,4,499533,0.00433
SNP563,4,500366,0.00059
SNP564,4,500831,0.00206
SNP565,4,501697,0.00987
SNP566,4,502364,0.00988
SNP567,4,502442,0.00394
SNP568,4,505255,0.0017
SNP569,4,505594,0.00691
SNP570,4,506344,0.00622
SNP571,4,507449,0.00239
SNP572,4,508260,0.00079
SNP573,4,509368,0.00812
SNP574,4,510249,0.00128
SNP575,4,511125,0.00949
SNP576,4,511285,0.00143
SNP577,4,512326,0.0049
SNP578,4,512577,0.00905
SNP579,4,512783,0.00597
SNP580,4,512839,0.00486
SNP581,4,513170,0.00849
SNP582,4,514619,0.00452
SNP583,4,514859,0.00957
SNP584,4,516335,0.00724
SNP585,4,518173,0.00123
SNP586,4,518321,0.00088
SNP587,4,518635,0.00387
SNP588,4,524583,0.00813
SNP589,4,524615,0.00729
SNP590,4,525483,0.00367
SNP591,4,532281,0.00324
SNP592,4,532788,0.00007
SNP593,4,533931,0.0088
SNP594,4,536178,0.0048
SNP595,4,536692,0.00005
SNP596,4,537986,0.00296
SNP597,4,538261,0.00492
SNP598,4,540881,0.00237
SNP599,4,540884,0.00551
SNP600,4,541599,0.00191
SNP601,4,541654,0.00629
SNP602,4,543735,0.00793
SNP603,4,545447,0.00591
SNP604,4,546074,0.00994
SNP605,4,549596,0.00027
SNP606,4,549868,0.00655
SNP607,4,550657,0.00024
SNP608,4,550856,0.00075
SNP609,4,551526,0.00505
SNP610,4,555418,0.0097
SNP611,4,556953,0.00873
SNP612,4,558436,0.00235
SNP613,4,559139,0.00663
SNP614,4,559888,0.0081
SNP615,4,560058,0.00653
SNP616,4,560991,0.00225
SNP617,4,561329,0.00155
SNP618,4,561758,0.00956
SNP619,4,562715,0.00955
SNP620,4,563242,0.00922
SNP621,4,565634,0.00912
SNP622,4,570121,0.00855
SNP623,4,573797,0.00896
SNP624,4,574169,0.00824
SNP625,4,575740,0.00528
SNP626,4,578070,0.00504
SNP627,4,580432,0.00814
SNP628,4,580768,0.00162
SNP629,4,581773,0.00204
SNP630,4,587291,0.00501
SNP631,4,587400,0.00462
SNP632,4,587873,0.00362
SNP633,4,589051,0.00613
SNP634,4,591320,0.00468
SNP635,4,591575,0.00289
SNP636,4,593523,0.00736
SNP637,4,593920,0.00084
SNP638,4,594844,0.00323
SNP639,4,595560,0.00439
SNP640,4,599468,0.00491
SNP641,5,600769,0.00057
SNP642,5,601235,0.00983
SNP643,5,601417,0.00554
SNP644,5,601471,0.00352
SNP645,5,603260,0.00291
SNP646,5,604974,0.00671
SNP647,5,608442,0.00249
SNP648,5,608685,0.0072
SNP649,5,609036,0.00673
SNP650,5,609324,0.00487
SNP651,5,609823,0.00377
SNP652,5,612188,0.0061
SNP653,5,612223,0.00344
SNP654,5,612270,0.00959
SNP655,5,614880,0.00419
SNP656,5,616427,0.0025
SNP657,5,617686,0.00617
SNP658,5,619918,0.00531
SNP659,5,620385,0.00869
SNP660,5,621391,0.00296
SNP661,5,621753,0.00528
SNP662,5,625739,0.00274
SNP663,5,626727,0.00198
SNP664,5,628254,0.00015
SNP665,5,628977,0.00916
SNP666,5,629596,0.00622
SNP667,5,631604,0.00007
SNP668,5,632549,0.0027
SNP669,5,632747,0.00746
SNP670,5,633147,0.00661
SNP671,5,636243,0.00605
SNP672,5,636491,0.00773
SNP673,5,636525,0.00704
SNP674,5,636850,0.00864
SNP675,5,636917,0.00343
SNP676,5,637765,0.00274
SNP677,5,639710,0.00127
SNP678,5,640324,0.00953
SNP679,5,640417,0.00996
SNP680,5,640630,0.00698
SNP681,5,642983,0.00189
SNP682,5,643511,0.00857
SNP683,5,650306,0.00398
SNP684,5,650688,0.00494
SNP685,5,650728,0.00892
SNP686,5,651610,0.0048
SNP687,5,651833,0.00544
SNP688,5,653422,0.00808
SNP689,5,653517,0.00427
SNP690,5,654302,0.00823
SNP691,5,654410,0.00207
SNP692,5,655899,0.0008
SNP693,5,659324,0.00484
SNP694,5,661495,0.00114
SNP695,5,664903,0.00429
SNP696,5,666098,0.00908
SNP697,5,667587,0.00435
SNP698,5,667594,0.009
SNP699,5,668020,0.00816
SNP700,5,668675,0.0076
SNP701,5,669262,0.00037
SNP702,5,670695,0.00697
SNP703,5,671657,0.003
SNP704,5,671765,0.00003
SNP705,5,672615,0.00749
SNP706,5,676113,0.00197
SNP707,5,677425,0.00433
SNP708,5,677682,0.00707
SNP709,5,677860,0.00934
SNP710,5,680008,0.0061
SNP711,5,683173,0.00711
SNP712,5,687140,0.00982
SNP713,5,689075,0.00466
SNP714,5,690522,0.0039
SNP715,5,690664,0.00662
SNP716,5,690744,0.00455
SNP717,5,691869,0.00533
SNP718,5,692554,0.00514
SNP719,5,692757,0.00166
SNP720,5,692946,0.00898
SNP721,5,694044,0.00548
SNP722,5,694417,0.00637
SNP723,5,695198,0.00107
SNP724,5,696138,0.00108
SNP725,5,697436,0.00153
SNP726,5,697860,0.00018
SNP727,5,697860,0.00702
SNP728,5,697922,0.00187
SNP729,5,697953,0.00516
SNP730,5,698414,0.00904
SNP731,5,698600,0.0068
SNP732,5,698728,0.00262
SNP733,5,700564,0.00241
SNP734,5,700880,0.00569
SNP735,5,700929,0.00159
SNP736,5,701044,0.00723
SNP737,5,703972,0.00324
SNP738,5,704222,0.00432
SNP739,5,707903,0.0045
SNP740,5,708560,0.00892
SNP741,5,709573,0.00983
SNP742,5,710215,0.00326
SNP743,5,711105,0.00215
SNP744,5,711773,0.00145
SNP745,5,712662,0.00013
SNP746,5,712702,0.00791
SNP747,5,713723,0.00801
SNP748,5,714730,0.00918
SNP749,5,715045,0.00727
SNP750,5,715377,0.00378
SNP751,5,716841,0.00598
SNP752,5,717481,0.00879
SNP753,5,718039,0.00988
SNP754,5,718168,0.00274
SNP755,5,722069,0.00582
SNP756,5,722942,0.00322
SNP757,5,723924,0.00862
SNP758,5,724023,0.00435
SNP759,5,728120,0.00386
SNP760,5,728761,0.00678
SNP761,5,729264,0.00002
SNP762,5,729428,0.00205
SNP763,5,729477,0.0094
SNP764,5,730084,0.00376
SNP765,5,730504,0.00799
SNP766,5,730747,0.00142
SNP767,5,731085,0.0067
SNP768,5,731903,0.00168
SNP769,5,732607,0.00713
SNP770,5,732932,0.00823
SNP771,5,737840,0.00085
SNP772,5,738107,0.00895
SNP773,5,738242,0.00489
SNP774,5,740599,0.0084
SNP775,5,741366,0.00364
SNP776,5,741689,0.00408
SNP777,5,741859,0.00322
SNP778,5,741889,0.00219
SNP779,5,742836,0.00799
SNP780,5,743248,0.00473
SNP781,5,743360,0.00693
SNP782,5,744746,0.00157
SNP783,5,745043,0.00495
SNP784,5,745823,0.00154
SNP785,5,748250,0.0076
SNP786,5,748397,0.00368
SNP787,5,749820,0.00635
SNP788,6,703129,0.00225
SNP789,6,706496,0.00495
SNP790,6,707789,0.00659
SNP791,6,709788,0.00203
SNP792,6,710027,0.00779
SNP793,6,710274,0.00885
SNP794,6,710717,0.00994
SNP795,6,711665,0.00643
SNP796,6,714566,0.00086
SNP797,6,715464,0.00844
SNP798,6,715861,0.00223
SNP799,6,717619,0.00088
SNP800,6,717938,0.00493
SNP801,6,718265,0.00034
SNP802,6,719690,0.00882
SNP803,6,719845,0.00083
SNP804,6,720581,0.00747
SNP805,6,721662,0.00099
SNP806,6,722317,0.00724
SNP807,6,725354,0.0043
SNP808,6,728847,0.00323
SNP809,6,730265,0.00763
SNP810,6,731895,0.00683
SNP811,6,738302,0.00339
SNP812,6,741194,0.0097
SNP813,6,741726,0.00415
SNP814,6,745813,0.00446
SNP815,6,746022,0.00083
SNP816,6,747953,0.00011
SNP817,6,752598,0.00546
SNP818,6,752848,0.00341
SNP819,6,753965,0.00512
SNP820,6,754792,0.00609
SNP821,6,755099,0.00029
SNP822,6,755755,0.0013
SNP823,6,758140,0.00478
SNP824,6,758147,0.00061
SNP825,6,759741,0.00391
SNP826,6,763033,0.00071
SNP827,6,763429,0.00321
SNP828,6,764623,0.00714
SNP829,6,767337,0.00253
SNP830,6,768175,0.00615
SNP831,6,768940,0.00139
SNP832,6,768948,0.00625
SNP833,6,773582,0.00064
SNP834,6,774166,0.00966
SNP835,6,775067,0.00971
SNP836,6,775979,0.00772
SNP837,6,777461,0.00722
SNP838,6,780826,0.00675
SNP839,6,782771,0.00575
SNP840,6,786406,0.00263
SNP841,6,787686,0.00358
SNP842,6,788130,0.00698
SNP843,6,788195,0.00874
SNP844,6,788477,0.00553
SNP845,6,788845,0.00555
SNP846,6,788954,0.00062
SNP847,6,789012,0.00591
SNP848,6,793047,0.0053
SNP849,6,793487,0.00165
SNP850,6,794464,0.00537
SNP851,6,796444,0.00031
SNP852,6,796538,0.0031
SNP853,6,799379,0.00023
SNP854,6,799955,0.0054
SNP855,6,800414,0.00597
SNP856,6,803247,0.00044
SNP857,6,804458,0.00595
SNP858,6,804564,0.00132
SNP859,6,805886,0.00946
SNP860,6,806791,0.00594
SNP861,6,806830,0.00216
SNP862,6,808391,0.00004
SNP863,6,809835,0.00608
SNP864,6,811645,0.00925
SNP865,6,812415,0.00441
SNP866,6,812444,0.00886
SNP867,6,812885,0.0047
SNP868,6,813231,0.00994
SNP869,6,814245,0.00802
SNP870,6,814652,0.00615
SNP871,6,814705,0.00745
SNP872,6,814727,0.00603
SNP873,6,814905,0.00993
SNP874,6,814938,0.00457
SNP875,6,816715,0.00498
SNP876,6,818354,0.00963
SNP877,6,818511,0.00654
SNP878,6,820186,0.00572
SNP879,6,821403,0.00221
SNP880,6,822979,0.00964
SNP881,6,823056,0.00754
SNP882,6,823103,0.00204
SNP883,6,825546,0.00431
SNP884,6,825627,0.00142
SNP885,6,825809,0.00253
SNP886,6,826614,0.006
SNP887,6,830746,0.00137
SNP888,6,832121,0.00754
SNP889,6,832487,0.00487
SNP890,6,833428,0.00232
SNP891,6,833589,0.00846
SNP892,6,834220,0.00571
SNP893,6,838313,0.00119
SNP894,6,838574,0.00594
SNP895,6,839678,0.00173
SNP896,6,839718,0.00294
SNP897,6,840547,0.00907
SNP898,6,841905,0.00006
SNP899,6,842491,0.00102
SNP900,6,842652,0.00483
SNP901,6,845008,0.00124
SNP902,6,845639,0.00342
SNP903,6,847237,0.00853
SNP904,6,847360,0.00855
SNP905,6,848030,0.00867
SNP906,6,848265,0.00066
SNP907,6,849613,0.0077
SNP908,6,851366,0.00249
SNP909,6,853032,0.0062
SNP910,6,853986,0.00377
SNP911,6,855862,0.00327
SNP912,6,856709,0.00534
SNP913,6,857129,0.00421
SNP914,6,859474,0.00179
SNP915,6,859586,0.00748
SNP916,6,860410,0.00827
SNP917,6,861406,0.00624
SNP918,6,861601,0.00771
SNP919,6,863107,0.00401
SNP920,6,864156,0.00819
SNP921,6,864160,0.0082
SNP922,6,868392,0.00065
SNP923,6,868864,0.00133
SNP924,6,869183,0.00462
SNP925,6,869306,0.00557
SNP926,6,870081,0.00936
SNP927,6,870328,0.00653
SNP928,6,870437,0.00272
SNP929,6,873070,0.0093
SNP930,6,873529,0.00739
SNP931,6,874947,0.00867
SNP932,6,878222,0.00475
SNP933,6,878927,0.00063
SNP934,6,879384,0.00572
SNP935,6,880309,0.00139
SNP936,6,880974,0.0049
SNP937,6,882092,0.00188
SNP938,6,883386,0.00227
SNP939,6,883529,0.00739
SNP940,6,884014,0.00174
SNP941,6,885689,0.00456
SNP942,6,886401,0.00828
SNP943,6,888490,0.00575
SNP944,6,889637,0.00435
SNP945,6,893295,0.00139
SNP946,6,894762,0.00363
SNP947,6,894801,0.00587
SNP948,6,895811,0.00439
SNP949,6,896565,0.00859
SNP950,6,896914,0.00031
SNP951,7,904174,0.00893
SNP952,7,909385,0.0078
SNP953,7,919355,0.00002
SNP954,7,920119,0.00159
SNP955,7,924693,0.00917
SNP956,7,927346,0.00322
SNP957,7,931144,0.00991
SNP958,7,932022,0.00524
SNP959,7,938176,0.00815
SNP960,7,941791,0.00705
SNP961,7,946220,0.00833
SNP962,7,958081,0.00844
SNP963,7,964869,0.00916
SNP964,7,966761,0.00037
SNP965,7,969581,0.00367
SNP966,7,972517,0.0063
SNP967,7,974885,0.00496
SNP968,7,983469,0.00259
SNP969,7,989479,0.00053
SNP970,7,993481,0.00339
SNP971,7,994222,0.00225
SNP972,7,997181,0.00873
SNP973,7,997537,0.00906
SNP974,7,999964,0.00027
SNP975,7,1004680,0.00861
SNP976,7,1030737,0.00673
SNP977,7,1037913,0.00141
SNP978,7,1043906,0.00824
SNP979,7,1053025,0.00587
SNP980,7,1071706,0.00776
SNP981,7,1073610,0.0099
SNP982,7,1073656,0.00142
SNP983,7,1086138,0.00266
SNP984,7,1093901,0.00379
SNP985,7,1096571,0.00723
SNP986,7,1099622,0.00191
SNP987,7,1101917,0.00009
SNP988,7,1118052,0.00622
SNP989,7,1123202,0.00652
SNP990,7,1124424,0.00138
SNP991,7,1129574,0.00741
SNP992,7,1130203,0.00414
SNP993,7,1133604,0.00171
SNP994,7,1136175,0.00195
SNP995,7,1137759,0.00676
SNP996,7,1138460,0.00461
SNP997,7,1139518,0.00364
SNP998,7,1141012,0.0079
SNP999,7,1149516,0.00486
SNP1000,7,1153550,0.00811
SNP1001,7,1165779,0.00729
SNP1002,7,1167617,0.00537
SNP1003,7,1174728,0.00076
SNP1004,7,1176541,0.00834
SNP1005,7,1180036,0.00926
SNP1006,7,1182146,0.00651
SNP1007,7,1185115,0.00492
SNP1008,7,1188347,0.00161
SNP1009,7,1198382,0.00875
SNP1010,7,1206145,0.00814
SNP1011,7,1214753,0.00854
SNP1012,7,1235471,0.00905
SNP1013,7,1244715,0.00863
SNP1014,7,1245672,0.00162
SNP1015,7,1246997,0.00747
SNP1016,7,1247195,0.00987
SNP1017,7,1249484,0.00832
SNP1018,7,1259242,0.00503
SNP1019,7,1259277,0.00679
SNP1020,7,1261617,0.0043
SNP1021,7,1263236,0.00114
SNP1022,7,1264179,0.00916
SNP1023,7,1274441,0.00945
SNP1024,7,1276550,0.00633
SNP1025,7,1277294,0.00228
SNP1026,7,1281973,0.00116
SNP1027,7,1283051,0.0077
SNP1028,7,1294312,0.00822
SNP1029,7,1294658,0.00899
SNP1030,7,1294727,0.00407
SNP1031,7,1302336,0.00467
SNP1032,7,1308802,0.00003
SNP1033,7,1312337,0.00555
SNP1034,7,1313376,0.00484
SNP1035,7,1317537,0.00478
SNP1036,7,1327604,0.00186
SNP1037,7,1335938,0.0028
SNP1038,7,1340867,0.00794
SNP1039,7,1346117,0.00257
SNP1040,7,1358137,0.00053
SNP1041,7,1365217,0.00111
SNP1042,7,1368301,0.00845
SNP1043,7,1369761,0.00247
SNP1044,7,1379121,0.00954
SNP1045,7,1382366,0.00293
SNP1046,7,1383272,0.00916
SNP1047,7,1398762,0.00627
SNP1048,7,1405548,0.00146
SNP1049,7,1406583,0.00033
SNP1050,7,1407639,0.00861
SNP1051,7,1408511,0.00158
SNP1052,7,1410778,0.00797
SNP1053,7,1414888,0.00902
SNP1054,7,1415489,0.0037
SNP1055,7,1416362,0.00609
SNP1056,7,1416735,0.0075
SNP1057,7,1419433,0.00462
SNP1058,7,1421731,0.0021
SNP1059,7,1423370,0.00462
SNP1060,7,1428105,0.00392
SNP1061,7,1430498,0.00318
SNP1062,7,1434286,0.00608
SNP1063,7,1437784,0.00178
SNP1064,7,1439562,0.00029
SNP1065,7,1450230,0.00172
SNP1066,7,1450800,0.00018
SNP1067,7,1451051,0.00731
SNP1068,7,1452964,0.00482
SNP1069,7,1456880,0.00382
SNP1070,7,1464593,0.0074
SNP1071,7,1466441,0.00147
SNP1072,7,1473353,0.00818
SNP1073,7,1493859,0.00393
SNP1074,7,1495578,0.00209
SNP1075,7,1496988,0.00161
SNP1076,8,1616460,0.00534
SNP1077,8,1621009,0.00164
SNP1078,8,1625842,0.00819
SNP1079,8,1628941,0.00235
SNP1080,8,1641196,0.00111
SNP1081,8,1647012,0.00202
SNP1082,8,1651893,0.00298
SNP1083,8,1660645,0.00475
SNP1084,8,1662647,0.00239
SNP1085,8,1668792,0.00719
SNP1086,8,1669436,0.00311
SNP1087,8,1674516,0.00092
SNP1088,8,1689518,0.00354
SNP1089,8,1691200,0.00612
SNP1090,8,1696799,0.00166
SNP1091,8,1703207,0.00855
SNP1092,8,1712683,0.00525
SNP1093,8,1714471,0.00458
SNP1094,8,1721307,0.00008
SNP1095,8,1725711,0.00809
SNP1096,8,1728898,0.00524
SNP1097,8,1731765,0.00991
SNP1098,8,1733629,0.00188
SNP1099,8,1734595,0.00029
SNP1100,8,1744569,0.00495
SNP1101,8,1745268,0.00847
SNP1102,8,1746318,0.00428
SNP1103,8,1750044,0.00827
SNP1104,8,1754913,0.00731
SNP1105,8,1763651,0.00758
SNP1106,8,1772700,0.00791
SNP1107,8,1780631,0.0055
SNP1108,8,1786561,0.00987
SNP1109,8,1791988,0.00996
SNP1110,8,1792471,0.00721
SNP1111,8,1797485,0.00677
SNP1112,8,1798484,0.00602
SNP1113,8,1811418,0.00302
SNP1114,8,1814037,0.00437
SNP1115,8,1815506,0.00294
SNP1116,8,1824974,0.00614
SNP1117,8,1825412,0.00668
SNP1118,8,1827892,0.00871
SNP1119,8,1829481,0.00673
SNP1120,8,1838596,0.00458
SNP1121,8,1838830,0.00819
SNP1122,8,1840865,0.00616
SNP1123,8,1841445,0.00308
SNP1124,8,1841853,0.00841
SNP1125,8,1843422,0.00572
SNP1126,8,1848066,0.00491
SNP1127,8,1854565,0.00097
SNP1128,8,1856537,0.00097
SNP1129,8,1857481,0.00063
SNP1130,8,1858922,0.00331
SNP1131,8,1860080,0.00507
SNP1132,8,1861204,0.0007
SNP1133,8,1866201,0.00351
SNP1134,8,1869534,0.00336
SNP1135,8,1870920,0.00765
SNP1136,8,1881386,0.00541
SNP1137,8,1882770,0.00849
SNP1138,8,1890504,0.00866
SNP1139,8,1891676,0.00321
SNP1140,8,1895191,0.00121
SNP1141,8,1896500,0.00337
SNP1142,8,1900034,0.00674
SNP1143,8,1919618,0.00757
SNP1144,8,1929259,0.00772
SNP1145,8,1932044,0.00931
SNP1146,8,1939024,0.00932
SNP1147,8,1946807,0.00585
SNP1148,8,1955514,0.00395
SNP1149,8,1956155,0.00488
SNP1150,8,1956757,0.00761
SNP1151,8,1969871,0.00338
SNP1152,8,1972648,0.00446
SNP1153,8,1974968,0.00497
SNP1154,8,1975470,0.00493
SNP1155,8,1990094,0.00808
SNP1156,8,1994895,0.0017
SNP1157,8,1995516,0.00785
SNP1158,8,1999465,0.00178
SNP1159,8,2001534,0.00357
SNP1160,8,2002762,0.00618
SNP1161,8,2009710,0.00232
SNP1162,8,2011792,0.00832
SNP1163,8,2024865,0.00077
SNP1164,8,2026063,0.00174
SNP1165,8,2030538,0.00886
SNP1166,8,2039623,0.00572
SNP1167,8,2050910,0.00003
SNP1168,8,2054705,0.00276
SNP1169,8,2055132,0.00071
SNP1170,8,2062553,0.00203
SNP1171,8,2072369,0.00104
SNP1172,8,2085666,0.00702
SNP1173,8,2088918,0.00442
SNP1174,8,2093294,0.00191
SNP1175,8,2103115,0.00836
SNP1176,8,2103367,0.00178
SNP1177,8,2105534,0.00698
SNP1178,8,2107296,0.00029
SNP1179,8,2112241,0.00358
SNP1180,8,2112497,0.00495
SNP1181,8,2114198,0.00727
SNP1182,8,2116715,0.00253
SNP1183,8,2117244,0.00336
SNP1184,8,2119400,0.00671
SNP1185,8,2126958,0.00078
SNP1186,8,2140468,0.00767
SNP1187,8,2145095,0.00726
SNP1188,8,2147047,0.00622
SNP1189,8,2161227,0.0057
SNP1190,8,2163238,0.00963
SNP1191,8,2165879,0.00532
SNP1192,8,2175777,0.00482
SNP1193,8,2181731,0.00133
SNP1194,8,2194438,0.00186
SNP1195,8,2206644,0.00503
SNP1196,8,2209105,0.00955
SNP1197,8,2212265,0.0036
SNP1198,8,2216592,0.00665
SNP1199,8,2239594,0.0081
SNP1200,8,2245930,0.00046
SNP1201,8,2247117,0.00206
SNP1202,8,2260105,0.0063
SNP1203,8,2268728,0.00967
SNP1204,8,2269861,0.00236
SNP1205,8,2277210,0.00515
SNP1206,8,2286379,0.00425
SNP1207,8,2312175,0.00633
SNP1208,8,2317420,0.00993
SNP1209,8,2318914,0.00794
SNP1210,8,2320978,0.00868
SNP1211,8,2326689,0.00889
SNP1212,8,2335123,0.00465
SNP1213,8,2351429,0.00477
SNP1214,8,2355980,0.00849
SNP1215,8,2362872,0.0095
SNP1216,8,2366376,0.00005
SNP1217,8,2372259,0.00981
SNP1218,8,2374640,0.00695
SNP1219,8,2376398,0.00018
SNP1220,8,2378347,0.00423
SNP1221,8,2382015,0.00207
SNP1222,8,2402460,0.00638
SNP1223,8,2406659,0.00583
SNP1224,8,2417127,0.00035
SNP1225,8,2419987,0.00387
SNP1226,8,2421317,0.00945
SNP1227,8,2432081,0.00286
SNP1228,8,2448539,0.00663
SNP1229,8,2449270,0.00046
SNP1230,8,2452970,0.00929
SNP1231,8,2458723,0.00808
SNP1232,8,2460105,0.00803
SNP1233,8,2463080,0.00386
SNP1234,8,2463107,0.00997
SNP1235,8,2468363,0.00963
SNP1236,8,2469803,0.00477
SNP1237,8,2481988,0.00512
SNP1238,8,2489749,0.00727
SNP1239,8,2499530,0.00997
SNP1240,8,2499954,0.00889
SNP1241,9,2609267,0.00128
SNP1242,9,2625482,0.0011
SNP1243,9,2628256,0.00883
SNP1244,9,2634977,0.00327
SNP1245,9,2637504,0.00959
SNP1246,9,2648908,0.0043
SNP1247,9,2656409,0.00699
SNP1248,9,2661685,0.00263
SNP1249,9,2668462,0.00846
SNP1250,9,2668691,0.0094
SNP1251,9,2679649,0.0029
SNP1252,9,2704944,0.00945
SNP1253,9,2712097,0.00324
SNP1254,9,2712547,0.00146
SNP1255,9,2713782,0.00303
SNP1256,9,2714092,0.00241
SNP1257,9,2729982,0.00942
SNP1258,9,2731124,0.00565
SNP1259,9,2731633,0.00209
SNP1260,9,2736688,0.00708
SNP1261,9,2750511,0.0085
SNP1262,9,2756259,0.00692
SNP1263,9,2757911,0.00517
SNP1264,9,2761369,0.00865
SNP1265,9,2765645,0.00933
SNP1266,9,2771616,0.00214
SNP1267,9,2772468,0.00526
SNP1268,9,2785305,0.00914
SNP1269,9,2800327,0.00391
SNP1270,9,2801769,0.00381
SNP1271,9,2802915,0.00967
SNP1272,9,2810614,0.00861
SNP1273,9,2814872,0.00931
SNP1274,9,2833867,0.00356
SNP1275,9,2834893,0.00979
SNP1276,9,2835256,0.00897
SNP1277,9,2840589,0.00797
SNP1278,9,2848986,0.00282
SNP1279,9,2856091,0.00527
SNP1280,9,2864425,0.00764
SNP1281,9,2872121,0.00616
SNP1282,9,2879522,0.00677
SNP1283,9,2883011,0.00686
SNP1284,9,2885980,0.004
SNP1285,9,2893025,0.00895
SNP1286,9,2893779,0.00836
SNP1287,9,2899017,0.00803
SNP1288,9,2904003,0.00523
SNP1289,9,2910950,0.00051
SNP1290,9,2913959,0.00474
SNP1291,9,2919045,0.00353
SNP1292,9,2925058,0.01
SNP1293,9,2930707,0.00908
SNP1294,9,2931577,0.00184
SNP1295,9,2932566,0.00762
SNP1296,9,2939800,0.00247
SNP1297,9,2963099,0.00389
SNP1298,9,2964387,0.00298
SNP1299,9,2966281,0.00116
SNP1300,9,2966293,0.00561
SNP1301,9,2970347,0.00918
SNP1302,9,2971200,0.007
SNP1303,9,2972395,0.00711
SNP1304,9,2975007,0.00856
SNP1305,9,2975250,0.00329
SNP1306,9,2979133,0.00275
SNP1307,9,2979520,0.00856
SNP1308,9,2982657,0.00972
SNP1309,9,2985691,0.00988
SNP1310,9,2990062,0.00152
SNP1311,9,2994961,0.00266
SNP1312,9,2998161,0.00382
SNP1313,9,2998239,0.00974
SNP1314,9,3009556,0.00639
SNP1315,9,3011243,0.00596
SNP1316,9,3020032,0.00534
SNP1317,9,3027324,0.00544
SNP1318,9,3029947,0.0088
SNP1319,9,3034216,0.00256
SNP1320,9,3037386,0.00155
SNP1321,9,3042147,0.00896
SNP1322,9,3045543,0.00417
SNP1323,9,3045730,0.00718
SNP1324,9,3050238,0.0015
SNP1325,9,3050896,0.00747
SNP1326,9,3056433,0.00209
SNP1327,9,3061920,0.00059
SNP1328,9,3062251,0.00899
SNP1329,9,3063874,0.0011
SNP1330,9,3065616,0.00391
SNP1331,9,3069983,0.00654
SNP1332,9,3075440,0.00632
SNP1333,9,3088510,0.00339
SNP1334,9,3088567,0.00106
SNP1335,9,3090432,0.00966
SNP1336,9,3102612,0.00151
SNP1337,9,3115360,0.00007
SNP1338,9,3120229,0.00454
SNP1339,9,3120952,0.0064
SNP1340,9,3123583,0.00609
SNP1341,9,3125529,0.00838
SNP1342,9,3128573,0.00416
SNP1343,9,3129280,0.00583
SNP1344,9,3145811,0.00744
SNP1345,9,3151767,0.00168
SNP1346,9,3153662,0.0074
SNP1347,9,3158703,0.00099
SNP1348,9,3158838,0.00208
SNP1349,9,3167737,0.00576
SNP1350,9,3172948,0.00036
SNP1351,9,3180328,0.00077
SNP1352,9,3181816,0.00771
SNP1353,9,3187234,0.00073
SNP1354,9,3189904,0.00281
SNP1355,9,3192957,0.00223
SNP1356,9,3194730,0.00852
SNP1357,9,3196584,0.00559
SNP1358,9,3198493,0.00532
SNP1359,9,3201562,0.00665
SNP1360,9,3202693,0.00944
SNP1361,9,3209026,0.00815
SNP1362,9,3210648,0.00323
SNP1363,9,3215228,0.00558
SNP1364,9,3219114,0.00165
SNP1365,9,3219895,0.00669
SNP1366,9,3240610,0.00834
SNP1367,9,3240886,0.00924
SNP1368,9,3242022,0.00047
SNP1369,9,3248391,0.0099
SNP1370,9,3253852,0.00251
SNP1371,9,3259362,0.00367
SNP1372,9,3266923,0.0096
SNP1373,9,3267721,0.00824
SNP1374,9,3268107,0.0013
SNP1375,9,3269130,0.00592
SNP1376,9,3291444,0.00503
SNP1377,9,3303661,0.00478
SNP1378,9,3311867,0.00724
SNP1379,9,3315173,0.00182
SNP1380,9,3317539,0.00341
SNP1381,9,3341123,0.00265
SNP1382,9,3344316,0.00286
SNP1383,9,3354663,0.00601
SNP1384,9,3363490,0.00641
SNP1385,9,3370482,0.00042
SNP1386,9,3372872,0.0063
SNP1387,9,3373412,0.00276
SNP1388,9,3392772,0.00502
SNP1389,9,3395093,0.0006
SNP1390,9,3398774,0.00377
SNP1391,9,3402454,0.00447
SNP1392,9,3404194,0.00905
SNP1393,9,3404810,0.00036
SNP1394,9,3414844,0.00132
SNP1395,9,3421824,0.00827
SNP1396,9,3435581,0.006
SNP1397,9,3441402,0.00945
SNP1398,9,3442598,0.00496
SNP1399,9,3444157,0.00972
SNP1400,9,3445184,0.00788
SNP1401,9,3452359,0.00125
SNP1402,9,3455960,0.0055
SNP1403,9,3469812,0.00498
SNP1404,9,3470348,0.0018
SNP1405,9,3473051,0.00162
SNP1406,9,3481682,0.00981
SNP1407,9,3486935,0.0042
SNP1408,9,3495170,0.00732
SNP1409,9,3499624,0.0051
SNP1410,10,3700212,0.00053
SNP1411,10,3700217,0.00669
SNP1412,10,3706100,0.00756
SNP1413,10,3706976,0.0085
SNP1414,10,3710760,0.00983
SNP1415,10,3723683,0.00041
SNP1416,10,3729710,0.00188
SNP1417,10,3732348,0.0039
SNP1418,10,3732678,0.00597
SNP1419,10,3740330,0.00311
SNP1420,10,3745047,0.00307
SNP1421,10,3750704,0.00182
SNP1422,10,3751459,0.00195
SNP1423,10,3752216,0.00969
SNP1424,10,3753866,0.00561
SNP1425,10,3768237,0.0054
SNP1426,10,3772368,0.00483
SNP1427,10,3773424,0.00758
SNP1428,10,3773533,0.00364
SNP1429,10,3776110,0.00079
SNP1430,10,3778747,0.00579
SNP1431,10,3779042,0.0049
SNP1432,10,3780428,0.00429
SNP1433,10,3788219,0.00125
SNP1434,10,3790171,0.0062
SNP1435,10,3794396,0.00542
SNP1436,10,3799170,0.00114
SNP1437,10,3802241,0.00428
SNP1438,10,3803447,0.00654
SNP1439,10,3806017,0.00368
SNP1440,10,3811336,0.00985
SNP1441,10,3814642,0.0085
SNP1442,10,3820651,0.00312
SNP1443,10,3826365,0.0035
SNP1444,10,3827664,0.00947
SNP1445,10,3837311,0.00217
SNP1446,10,3839911,0.0097
SNP1447,10,3855817,0.00747
SNP1448,10,3856548,0.00875
SNP1449,10,3859936,0.00509
SNP1450,10,3864693,0.00557
SNP1451,10,3872154,0.00808
SNP1452,10,3879817,0.00633
SNP1453,10,3886712,0.00336
SNP1454,10,3892541,0.00692
SNP1455,10,3896344,0.0087
SNP1456,10,3906249,0.00321
SNP1457,10,3909013,0.00621
SNP1458,10,3912268,0.00667
SNP1459,10,3914354,0.0068
SNP1460,10,3918108,0.00529
SNP1461,10,3924129,0.00914
SNP1462,10,3928030,0.00347
SNP1463,10,3935529,0.00023
SNP1464,10,3944827,0.0022
SNP1465,10,3944910,0.0001
SNP1466,10,3946336,0.00642
SNP1467,10,3946654,0.00077
SNP1468,10,3949863,0.00572
SNP1469,10,3955054,0.00592
SNP1470,10,3957247,0.00321
SNP1471,10,3958355,0.00903
SNP1472,10,3966841,0.00582
SNP1473,10,3969566,0.00575
SNP1474,10,3972194,0.00013
SNP1475,10,3972557,0.00554
SNP1476,10,3973742,0.00627
SNP1477,10,3975080,0.00694
SNP1478,10,3980171,0.00909
SNP1479,10,3985859,0.00792
SNP1480,10,3988440,0.00387
SNP1481,10,3993637,0.00723
SNP1482,10,3994041,0.00654
SNP1483,10,3996600,0.00981
SNP1484,10,3997034,0.00155
SNP1485,10,4004421,0.00513
SNP1486,10,4012374,0.00255
SNP1487,10,4012628,0.00675
SNP1488,10,4029563,0.00814
SNP1489,10,4031903,0.00002
SNP1490,10,4034867,0.00953
SNP1491,10,4040093,0.00074
SNP1492,10,4042526,0.0013
SNP1493,10,4042914,0.00894
SNP1494,10,4043767,0.00627
SNP1495,10,4043904,0.00392
SNP1496,10,4045462,0.0081
SNP1497,10,4052268,0.00028
SNP1498,10,4054537,0.00648
SNP1499,10,4069413,0.00627
SNP1500,10,4075744,0.00188
SNP1501,10,4083154,0.00912
SNP1502,10,4088717,0.00852
SNP1503,10,4090302,0.00933
SNP1504,10,4097729,0.00246
SNP1505,10,4099150,0.00491
SNP1506,10,4101248,0.00435
SNP1507,10,4102269,0.00204
SNP1508,10,4107176,0.00832
SNP1509,10,4113045,0.00974
SNP1510,10,4119632,0.00722
SNP1511,10,4126788,0.00057
SNP1512,10,4127583,0.00301
SNP1513,10,4128111,0.00936
SNP1514,10,4132108,0.00665
SNP1515,10,4132560,0.00111
SNP1516,10,4139035,0.00997
SNP1517,10,4140122,0.00045
SNP1518,10,4151014,0.00859
SNP1519,10,4151742,0.00209
SNP1520,10,4157894,0.00434
SNP1521,10,4159264,0.00022
SNP1522,10,4169746,0.00185
SNP1523,10,4172396,0.00035
SNP1524,10,4180334,0.00487
SNP1525,10,4182407,0.00328
SNP1526,10,4182795,0.00847
SNP1527,10,4191952,0.0099
SNP1528,10,4195142,0.00622
SNP1529,10,4197343,0.00304
SNP1530,10,4200895,0.00094
SNP1531,10,4203295,0.00832
SNP1532,10,4214509,0.00559
SNP1533,10,4220380,0.00193
SNP1534,10,4222467,0.00479
SNP1535,10,4224318,0.00221
SNP1536,10,4225572,0.00121
SNP1537,10,4226114,0.00125
SNP1538,10,4236784,0.00095
SNP1539,10,4238417,0.00521
SNP1540,10,4238841,0.00154
SNP1541,10,4241532,0.00043
SNP1542,10,4249346,0.00313
SNP1543,10,4252834,0.00829
SNP1544,10,4254605,0.00068
SNP1545,10,4257551,0.00584
SNP1546,10,4261137,0.00155
SNP1547,10,4262147,0.00205
SNP1548,10,4269819,0.00968
SNP1549,10,4272446,0.00438
SNP1550,10,4298512,0.00454
SNP1551,10,4308334,0.0092
SNP1552,10,4323713,0.0024
SNP1553,10,4337081,0.00966
SNP1554,10,4339825,0.00363
SNP1555,10,4341929,0.00335
SNP1556,10,4360644,0.00124
SNP1557,10,4362246,0.00706
SNP1558,10,4363464,0.00464
SNP1559,10,4367048,0.00397
SNP1560,10,4374258,0.00648
SNP1561,10,4375148,0.00836
SNP1562,10,4375350,0.00573
SNP1563,10,4378857,0.00087
SNP1564,10,4389902,0.00691
SNP1565,10,4409969,0.00413
SNP1566,10,4414197,0.00429
SNP1567,10,4416263,0.00259
SNP1568,10,4416943,0.00103
SNP1569,10,4421268,0.0025
SNP1570,10,4421692,0.00355
SNP1571,10,4425206,0.00681
SNP1572,10,4437654,0.00412
SNP1573,10,4444975,0.00065
SNP1574,10,4455129,0.00453
SNP1575,10,4456444,0.00774
SNP1576,10,4459792,0.00817
SNP1577,10,4461801,0.00896
SNP1578,10,4469010,0.00238
SNP1579,10,4473847,0.0047
SNP1580,10,4474447,0.00509
SNP1581,10,4482272,0.0012
SNP1582,10,4483022,0.00358
SNP1583,10,4484247,0.00453
SNP1584,10,4487820,0.00335
SNP1585,10,4494372,0.00772
SNP1586,10,4496451,0.00687
